{
  "val_loss": 0.16385778784751892,
  "val_accuracy": 0.9586206674575806,
  "classification_report": {
    "bad": {
      "precision": 0.954954954954955,
      "recall": 0.9636363636363636,
      "f1-score": 0.9592760180995475,
      "support": 220.0
    },
    "good": {
      "precision": 0.9624413145539906,
      "recall": 0.9534883720930233,
      "f1-score": 0.9579439252336449,
      "support": 215.0
    },
    "accuracy": 0.9586206896551724,
    "macro avg": {
      "precision": 0.9586981347544727,
      "recall": 0.9585623678646935,
      "f1-score": 0.9586099716665962,
      "support": 435.0
    },
    "weighted avg": {
      "precision": 0.958655109699306,
      "recall": 0.9586206896551724,
      "f1-score": 0.9586176273727222,
      "support": 435.0
    }
  },
  "confusion_matrix": [
    [
      212,
      8
    ],
    [
      10,
      205
    ]
  ]
}